{
  "pipeline": "pipeline_id",
  "job details": {
    "job category": "preprocessing",
    "job name": "doc_chunk",
    "job type": "ray",
    "job id": "job_id",
    "start_time": "2024-07-31 17:17:51",
    "end_time": "2024-07-31 17:17:54",
    "status": "success"
  },
  "code": null,
  "job_input_params": {
    "chunking_type": "dl_json",
    "content_column_name": "contents",
    "output_chunk_column_name": "contents",
    "output_jsonpath_column_name": "doc_jsonpath",
    "output_pageno_column_name": "page_number",
    "output_bbox_column_name": "bbox",
    "checkpointing": false,
    "max_files": -1,
    "random_samples": -1,
    "files_to_use": [
      ".parquet"
    ],
    "number of workers": 3,
    "worker options": {
      "num_cpus": 0.8,
      "max_restarts": -1
    },
    "actor creation delay": 0
  },
  "execution_stats": {
    "cpus": 16,
    "gpus": 0,
    "memory": 35.02506561297923,
    "object_store": 2.0,
    "execution time, min": 0.04198566675186157
  },
  "job_output_stats": {
    "source_files": 1,
    "source_size": 104831,
    "result_files": 1,
    "result_size": 47315,
    "processing_time": 1.1373438835144043,
    "nfiles": 1,
    "nrows": 216,
    "source_doc_count": 1,
    "result_doc_count": 216
  },
  "source": {
    "name": "/Users/dol/scratch/dpk-dev/data-prep-kit/examples/notebooks/language/output/parquet_input",
    "type": "path"
  },
  "target": {
    "name": "/Users/dol/scratch/dpk-dev/data-prep-kit/examples/notebooks/language/output/chunk_out",
    "type": "path"
  }
}