{
  "pipeline": "pipeline_id",
  "job details": {
    "job category": "preprocessing",
    "job name": "pdf2parquet",
    "job type": "ray",
    "job id": "job_id",
    "start_time": "2024-07-31 17:16:07",
    "end_time": "2024-07-31 17:17:16",
    "status": "success"
  },
  "code": {
    "github": "github",
    "commit_hash": "12345",
    "path": "path"
  },
  "job_input_params": {
    "artifacts_path": null,
    "contents_type": "application/json",
    "do_table_structure": true,
    "do_ocr": false,
    "checkpointing": false,
    "max_files": -1,
    "random_samples": -1,
    "files_to_use": [
      ".pdf"
    ],
    "number of workers": 1,
    "worker options": {
      "num_cpus": 0.8,
      "memory": 2147483648,
      "max_restarts": -1
    },
    "actor creation delay": 0
  },
  "execution_stats": {
    "cpus": 16,
    "gpus": 0,
    "memory": 33.14529113844037,
    "object_store": 2.0,
    "execution time, min": 1.1514586687088013
  },
  "job_output_stats": {
    "source_files": 1,
    "source_size": 5661156,
    "result_files": 1,
    "result_size": 104831,
    "processing_time": 37.93543314933777,
    "nrows": 1,
    "nsuccess": 1
  },
  "source": {
    "name": "/Users/dol/scratch/dpk-dev/data-prep-kit/examples/notebooks/language/input_data",
    "type": "path"
  },
  "target": {
    "name": "/Users/dol/scratch/dpk-dev/data-prep-kit/examples/notebooks/language/output/parquet_input",
    "type": "path"
  }
}