{
  "pipeline": "pipeline_id",
  "job details": {
    "job category": "preprocessing",
    "job name": "text_encoder",
    "job type": "ray",
    "job id": "job_id",
    "start_time": "2024-07-31 17:19:44",
    "end_time": "2024-07-31 17:19:56",
    "status": "success"
  },
  "code": null,
  "job_input_params": {
    "content_column_name": "contents",
    "output_embeddings_column_name": "embeddings",
    "model_name": "BAAI/bge-small-en-v1.5",
    "checkpointing": false,
    "max_files": -1,
    "random_samples": -1,
    "files_to_use": [
      ".parquet"
    ],
    "number of workers": 2,
    "worker options": {
      "num_cpus": 0.8,
      "max_restarts": -1
    },
    "actor creation delay": 0
  },
  "execution_stats": {
    "cpus": 16,
    "gpus": 0,
    "memory": 34.719618225470185,
    "object_store": 2.0,
    "execution time, min": 0.20643288294474285
  },
  "job_output_stats": {
    "source_files": 1,
    "source_size": 58142,
    "result_files": 1,
    "result_size": 543737,
    "processing_time": 8.744296073913574,
    "nfiles": 1,
    "nrows": 216,
    "source_doc_count": 216,
    "result_doc_count": 216
  },
  "source": {
    "name": "/Users/dol/scratch/dpk-dev/data-prep-kit/examples/notebooks/language/output/dq_out",
    "type": "path"
  },
  "target": {
    "name": "/Users/dol/scratch/dpk-dev/data-prep-kit/examples/notebooks/language/output/encoder_out",
    "type": "path"
  }
}