{
  "pipeline": "pipeline_id",
  "job details": {
    "job category": "preprocessing",
    "job name": "fdedup",
    "job type": "ray",
    "job id": "job_id",
    "start_time": "2024-07-31 17:18:36",
    "end_time": "2024-07-31 17:18:58",
    "status": "success"
  },
  "code": null,
  "job_input_params": {
    "doc_column": "contents",
    "id_column": "int_id_column",
    "cluster_column": "hash_column",
    "bucket_cpu": 0.5,
    "mhash_cpu": 0.5,
    "doc_cpu": 0.5,
    "num_doc_actors": 2,
    "num_minhash_actors": 1,
    "num_bucket_actors": 1,
    "num_preprocessors": 2,
    "num_permutations": 64,
    "threshold": 0.8,
    "shingles_size": 5,
    "delimiters": " ",
    "snapshot_delay": 1,
    "use_bucket_snapshot": false,
    "use_doc_snapshot": false,
    "random_delay_limit": 10,
    "worker_options": {
      "num_cpus": 0.8,
      "max_restarts": -1
    },
    "checkpointing": false,
    "max_files": -1,
    "random_samples": -1,
    "files_to_use": [
      ".parquet"
    ],
    "number of workers": 3,
    "worker options": {
      "num_cpus": 0.8,
      "max_restarts": -1
    },
    "actor creation delay": 0
  },
  "execution_stats": {
    "cpus": 16,
    "gpus": 0,
    "memory": 34.67255554255098,
    "object_store": 2.0,
    "execution time, min": 0.36410588026046753
  },
  "job_output_stats": {
    "number of buckets": 1080,
    "number of docs": 216,
    "number of removed docs": 0,
    "number of min hashes": 216,
    "overall hash memory GB": 0.0002804212272167206,
    "de duplication %": 0.0,
    "source_files": 2,
    "source_size": 113194,
    "generated buckets": 1080,
    "generated minhashes": 216,
    "source_doc_count": 432,
    "generated doc_ids": 216,
    "bucket processing time": 0.010790586471557617,
    "result_files": 1,
    "result_size": 48691,
    "processing_time": 8.158462047576904,
    "source_documents": 216,
    "result_documents": 216,
    "result_doc_count": 216
  },
  "source": {
    "name": "/Users/dol/scratch/dpk-dev/data-prep-kit/examples/notebooks/language/output/doc_id_out",
    "type": "path"
  },
  "target": {
    "name": "/Users/dol/scratch/dpk-dev/data-prep-kit/examples/notebooks/language/output/fdedup_out",
    "type": "path"
  }
}